action,reason,hits,status,date,slug,chars,comments,categories,tags,title
keep,real traffic,304,publish,2022-11-16,2022-11-05-the-magic-at-the-underground-lounge,7196,0,middle school|middle school|mtg,magic|magic the gathering|middle school|middleschoolmtg|ms|mtg|pm|premodern|report|tournament|wafwhf,2022.11.05 - The Magic at the Underground Lounge
keep,real traffic,281,publish,2011-09-08,ajax-control-toolkit-with-sharepoint-2010,3256,0,software|web,.net|.net 3.5|ajax|ajax 4.0|ajaxcontroltoolkit|asp.net|sharepoint|sharepoint 2010,Ajax Control Toolkit with SharePoint 2010
keep,real traffic,169,publish,2020-07-18,tslvintage-top-6-and-wrap-up,17170,0,mtg|vintage,,TSL:Vintage - Top 6 and Wrap up
keep,real traffic,169,publish,2021-08-28,kumite-4,20555,0,mtg|oldschool,9394|combo|mtg|mtgoldschool|oldschool,Kumite 4: Trying to Get Some Booty
keep,real traffic,157,publish,2021-04-16,ms-black-dragon,25828,0,middle school|mtg|vintage,black dragon|combo|dragon|magic|middle school|middleschoolmtg|mtg|romancing the stones|team serious,Middle School Magic - Black Dragon and Beyond
keep,real traffic,156,publish,2022-02-23,ms-discord-league-2021-1-t4,11377,0,middle school|mtg,,MS Discord League 2021.1 - T4
keep,real traffic,104,publish,2020-08-10,summer-derby-2020,2735,0,mtg|oldschool,,Summer Derby 2020
keep,real traffic,96,publish,2020-03-28,winter-derby-2019,157,0,mtg|oldschool,,Winter Derby 2019
keep,real traffic,72,publish,2009-06-10,windows-7-hotkeys,314,0,software,hot key|hotkey|shortcut|windows|windows 7|windows key,Windows 7 Hotkeys
keep,real traffic,72,publish,2022-07-26,tso-2022-07-23-paradoxical-outcome,7012,0,mtg|vintage,,TSO 2022.07.23 - Paradoxical Outcome
keep,real traffic,59,publish,2021-04-28,middle-school-magic-romancing-the-stones-ms-dance-party-march-2021-black-dragon-tournament-report,8691,0,middle school|mtg,black dragon|dragon|duress|middle school|monoblack|ms|mtgunderground|romancing the stones|team serious,Middle School Magic - Romancing the Stones MS Dance Party - March 2021 - Black Dragon Tournament Report
keep,real traffic,47,publish,2021-11-29,ms-discord-league-2021-1-batch-play,23632,0,middle school|mtg,,MS Discord League 2021.1 Batch Play
keep,real traffic,41,publish,2007-02-27,abcde-cd-ripping-made-easy,871,0,gentoo|gnu/linux|image|media|sound|web,abcde|flac|mp3|rip|ripping,abcde - cd ripping made easy
keep,real traffic,40,publish,2020-06-24,tslvintage-2020-1-3,17038,0,mtg|vintage,invintage|tsl|tsl:vintage|vintage|vintagemtg,TSL:Vintage - 2020.1.3
keep,real traffic,37,publish,2020-04-22,tslvintage-2020-1-1,18633,0,mtg|vintage,2020.1|2020.1.1|invintage|mtg|mtg mtgo|tsl|tsl:vintage|vintage,TSL:Vintage - 2020.1.1
keep,real traffic,35,publish,2010-01-29,n85-internet-and-fm-radio,504,0,hardware|media|n85|sound|web,internet|internet radio|n85|phone|radio,"n85, internet and fm radio"
keep,real traffic,33,publish,2015-04-23,microsoft-build-dll-from-mono-for-windows,857,0,gnu/linux|software,.net|download|download mono for windows Microsoft.Build.dll|gnu/linux|linux|mono for windows|monodevelop|NuGet|NuGet.exe|windows,Microsoft.Build.dll from Mono for Windows
keep,real traffic,30,publish,2006-06-07,pap2-unlocked-and-using-gizmo-project,3320,1,hardware,,PAP2 - Unlocked and using Gizmo Project
keep,real traffic,28,publish,2009-03-27,viewsonic-proview-780-with-ubuntu-gnulinux,499,0,gnu/linux|hardware|ubuntu,780|fix|gnu/linux|nvidia|proview|resolution|ubuntu|video card|viewsonic|xorg,ViewSonic Proview 780 with Ubuntu Gnu/Linux
keep,real traffic,28,publish,2010-01-11,cutepdf-create-pdf-for-free,298,0,software,PDF|print|print to PDF|Windows XP,CutePDF - Create PDF for free
keep,real traffic,28,publish,2010-10-18,opendipity,3511,0,gnu/linux|hardware|media|software,blue light|foss|gnu/linux|mbwe|mybook|mybook world edition|opendipity|review|software|western digital|western digital mybook world edition|world edition,Opendipity or Western Digital MyBook World Edition Hacks
keep,real traffic,27,publish,2008-07-09,gnulinux-and-dell-cpi-a366,946,1,gentoo|gnu/linux|hardware,,Gnu/Linux and Dell CPi A366
keep,real traffic,27,publish,2012-07-11,convert-dm-files-from-ovi-store-linux,2083,0,gnu/linux|hardware|n85|software|ubuntu,convert|convert .dm to sis|convert .dm to sisx|dm|edit|linux|n85|nokia|ovi|s60|sis|sisx|store|symbian,Convert .dm files from OVI store to .sis or .sisx in Linux
keep,real traffic,27,publish,2018-11-09,eternal-central-restricted-list,1329,0,mtg|oldschool,ec|list|mtg|oldschool|power 9|restricted,Eternal Central Restricted List
keep,real traffic,25,publish,2006-05-09,dr-maclove,3093,0,apple|media,,Dr. Maclove...
keep,real traffic,21,publish,2020-05-13,tsivr-report,958,0,mtg|vintage,,TSI:VR Report
keep,real traffic,20,publish,2010-03-11,remote-desktop-ubuntu-useless,2015,2,gentoo|gnu/linux|software,fast|freenx|gentoo|nomachine|remote desktop|slow|ubuntu|useless|vnc,Remote Desktop Ubuntu - useless?
keep,real traffic,20,publish,2011-09-12,jscript-editor-extensions,1127,0,software|web,asp.net|folding|javascript|regions|vs2010,JScript Editor Extensions
keep,real traffic,20,publish,2019-09-26,ospb2019,35727,0,mtg|oldschool,,Old School Players Ball 2019 - 60 Hours To Go
keep,some traffic,19,publish,2006-04-23,ms1057-gentoo-where-is-20060-universal-x86-installcd,1721,0,gentoo|gnu/linux|hardware,,MS1057 Gentoo - Where is 2006.0 Universal x86 InstallCD?
keep,some traffic,19,publish,2009-02-06,auditioning-wordpress-clients,215,1,software,,Auditioning Wordpress Clients
keep,some traffic,19,publish,2009-02-27,n85-conversation-doesnt-work,281,0,hardware|software,contacts|conversation|n85|nokia|sim card|software|symbian,n85 - Conversation doesn't work...
keep,some traffic,19,publish,2009-03-25,turn-off-the-prompt-for-installing-windows-desktop-search,160,0,software,annoying|desktop search|disable|outlook|xp,Turn off the prompt for installing Windows Desktop Search in Outlook
keep,some traffic,19,publish,2009-05-29,traffic-glad,531,0,media|sound,glad|guitar|low spark|rock|sick|traffic|winwood,Traffic - Glad
keep,some traffic,19,publish,2011-08-02,cds-are-not-like-tapes,1832,0,media|sound|sport,,CDs are NOT like tapes
keep,some traffic,18,publish,2006-04-20,shouts-to-surpass,380,0,web,,Shouts to Surpass!
keep,some traffic,18,publish,2006-06-16,swollen-members-black-magic,823,0,media|sound,,Swollen Members - Black Magic
keep,some traffic,18,publish,2008-11-06,awesome-lottery,695,0,theState,,Awesome Lottery 
keep,some traffic,18,publish,2009-06-11,windows-7-ext2ifs-reboot-problem,483,2,gnu/linux|software,ext2|ext2ifs|reboot|stephan|windows|windows 7,Windows 7 - Ext2IFS - Reboot Problem
keep,some traffic,18,publish,2012-01-06,wcf-service-testing-with-soapui,3801,2,software|web,.net|asp.net service|groovy|java|soapui|testing|testing wcf services with soapui|wcf|wcf service|wcf soapui|windows,WCF Service Testing With soapUI
keep,some traffic,18,publish,2019-04-13,kumite-2,3755,0,mtg|oldschool,9394|combo|eureka|lich|mtg|mtgoldschool|oldschool,Kumite! 2
keep,some traffic,17,publish,2009-05-02,peg-luksik-oblivious-republican,1297,3,theState,arlen|arlen specter|idiot|libertarian|luksik|lusik|oblivious|peg|peg luksik|republican|specter,Peg Luksik - Oblivious Republican
keep,some traffic,17,publish,2012-07-15,latex-in-ubuntu,1850,0,gnu/linux|software|ubuntu,academic|Kile|latex|LaTeX frontend linux|latex frontend ubuntu|LaTeX in Linux|LaTeX in Ubuntu|linux|school|typesetting|ubuntu|word alternative,LaTeX in Ubuntu
keep,some traffic,17,publish,2013-01-15,how-to-darken-highlights-in-drop-down-menus-and-lists,778,0,software|web,contrast|Gmail|gmail search color|gmail search contrast|gmail search highlight|google|highlight|mail|software|web,How to darken highlights in drop-down menus and lists
keep,some traffic,17,publish,2018-09-01,old-school-players-ball-2018,435,0,mtg|oldschool,chicago|ec|mishra|mtg|mud|oldschool|report|tron|urza|urzatron|workshop,MUD at Old School Player's Ball 2018
keep,some traffic,16,publish,2007-09-18,great-show,803,0,media|sound,,Great Show
keep,some traffic,16,publish,2008-11-24,wu-comin-through-the-outcome-is-critical,601,0,image|media|sound,,"Wu comin' through, the outcome is critical..."
keep,some traffic,16,publish,2008-12-01,total-commander,570,0,software,,Total Commander
keep,some traffic,16,publish,2019-02-26,mfclerocs-2019,2498,0,mtg|oldschool,9394|bottlehouse|cleveland|cleveland rocs|lakewood|mtgoldschool|oldschool|philanthropy|providence house|rocs,MFCLERocs 2019
keep,some traffic,16,publish,2019-10-14,tsidp-lands-of-adventure,6811,0,mtg|vintage,,TSI:DP - Lands of Adventure
keep,some traffic,16,publish,2021-04-22,middle-school-podcast,477,0,middle school|mtg,magic|middle school|middleschoolmtg|mtgunderground,Middle School Podcast!
keep,some traffic,15,publish,2009-06-02,taskbar-fails-redraw-resize-windows-7,490,0,software,redraw|resize|taskbar|windows 7,Taskbar fails redraw resize - Windows 7
keep,some traffic,15,publish,2009-06-03,vmware-server-2-windows-7-ext2ifs,829,0,gnu/linux|software|ubuntu,2 GB|ext2ifs|vmware|vmware server|windows 7,VMWare Server 2 - Windows 7 - Ext2IFS
keep,some traffic,15,publish,2009-11-16,nothin-finer-than-minellas-diner,6670,0,food snob,Food|Food Blog|food snob|philadelphia|restaurant|review,Nothin' Finer Than Minella's Diner!
keep,some traffic,15,publish,2011-02-21,sharepoint-2010-virtual-machine,5005,1,gnu/linux|software|ubuntu|web,error|linux|ODP.NET|oracle|sharepoint|sharepoint 2010|sharepoint 2010 webpart|ubuntu|virtualbox|web part|windows 2008|windows 2008 server|windows server 2008 R2,SharePoint 2010 Virtual Machine
keep,some traffic,15,publish,2014-01-04,moment-js-parse-validate-manipulate-and-display-dates-in-javascript,643,0,software|web,date format|date library|javascript|javascript date library|javascript dates|jquery date library|moment|moment.js,"Moment.js | Parse, validate, manipulate, and display dates in javascript."
keep,some traffic,15,publish,2017-12-09,ad-naus-at-my-first-tsi-mishras-on-the-maumee,707,0,mtg|vintage,ad naus|combo|tsi|vintage,Ad Naus at my first TSI: Mishra's On the Maumee
keep,some traffic,14,publish,2006-07-28,boston-marriage-at-pict,2336,1,media,,Boston Marriage at PICT
keep,some traffic,14,publish,2010-07-16,post-to-usenet-anonymously-via-gnu-linux,3264,0,gnu/linux|software|ubuntu,anonymous|binary|gnu/linux|linux|post|post to usenet anonymously via linux|software|tor|torify|ubuntu|usenet,Post to usenet anonymously via GNU/Linux
keep,some traffic,14,publish,2014-09-25,clone-sharepoint-2010-vm,2016,0,software,2k8 sql|clone sharepoint vm|sharepoint|sharepoint 2010|sharepoint 2010 rename|vmware|windows|windows 2008|windows 2008 server|windows server 2008 R2,Clone SharePoint 2010 VM
keep,some traffic,13,publish,2006-06-21,i-love-the-word-contrarian,2225,0,sound|theState,,I love the word contrarian.
keep,some traffic,13,publish,2007-06-28,heda-gabler-pict,2475,0,media,,Heda Gabler @ PICT
keep,some traffic,13,publish,2008-11-12,they-call-him-launchy-launchy-faster-than-lightning,914,0,apple|gnu/linux|software,,"They call him Launchy, Launchy..."
keep,some traffic,13,publish,2008-11-25,tickets-check,226,0,media|sound,,Tickets? Check!
keep,some traffic,13,publish,2009-04-16,os-x-homebrew-terminal-theme,194,0,apple|software,consolas|homebrew|os x|terminal,OS X Homebrew Terminal Theme
keep,some traffic,13,publish,2009-05-27,problem-logging-in-to-the-vpn,197,0,software|web,active directory|dial-in|error 812|logon|vpn,Problem logging in to the Windows VPN?
keep,some traffic,13,publish,2009-06-11,mr-lif-grog-shop,345,0,media|sound,college|def jux|grog shop|hip-hop|lif|mr. lif|political,Mr. Lif @ Grog Shop
keep,some traffic,13,publish,2010-03-18,google-redirects-are-annoying-as-shit,590,0,software|web,country redirect|google|google overseas redirect|google.com|redirect|type google|wrong google,Google redirects are annoying as shit.
keep,some traffic,13,publish,2010-07-06,new-theme-digital-statement,1155,0,media|software|web,,New Theme! Digital Statement
keep,some traffic,13,publish,2010-11-20,new-android-tablets-archos-101,1766,0,hardware,android|android tablet|archos|archos 101|augen|gentouch|preorder|tablet,New Android Tablets - Archos 101
keep,some traffic,13,publish,2012-09-03,how-to-install-android-sdk-on-ubuntu-12-04-lts,988,0,gnu/linux|software|ubuntu,12.04 lts android|android|android sdk|android sdk precise|install android sdk precise|precise|ubuntu|ubuntu linux,How to Install Android SDK on Ubuntu 12.04 LTS
keep,some traffic,13,publish,2020-04-23,tslvintage-2020-1-2,18877,0,mtg|vintage,2020.1|2020.1.2|decklists|invintage|tsl|tsl:vintage|vintage|vintagemtg,TSL:Vintage - 2020.1.2
keep,some traffic,12,publish,2009-05-17,iis-web-service-extensions,141,0,software|web,asp|asp.net|IIS|iis server|windows sucks,IIS Web Service Extensions
keep,some traffic,12,publish,2014-05-04,pengpod-700-android-install,1835,0,gnu/linux|software,,Pengpod 700 Android Install
keep,some traffic,12,publish,2018-07-14,tso-14-jul-2018-dragon,7341,0,mtg|vintage,combo|dragon|mtg|tso|vintage,TSO 14 JUL 2018 - DRAGON
keep,some traffic,12,publish,2018-11-09,experimental-outcome-paradoxical-frenzy,626,0,mtg|vintage,combo|league|mtg|vintage,"Experimental Outcome, Paradoxical Frenzy"
keep,some traffic,12,publish,2019-05-29,citadel-explore-playing-war-stanard,2357,0,mtg,,Citadel Explore - Playing WAR Stanard
keep,some traffic,12,publish,2019-07-19,summer-derby-2019,3292,0,mtg|oldschool,,Summer Derby 2019
keep,some traffic,11,publish,2006-07-16,odot-ev-money-release-the-grog-shop,3430,0,media|sound,,O.D.O.T.-EV Money Release-The Grog Shop
keep,some traffic,11,publish,2009-02-15,n85-what-kind-of-mp4-can-it-play,804,0,hardware|n85,aac|asp|encoder|mp4|mp4box|mpeg|n85|nokia|profile|settings|simple profile|staxrip|video encoding,n85 - What kind of MP4 can it play?
keep,some traffic,11,publish,2009-05-05,oblivious-republicans-are-nice-though,1612,0,theState,libertarian|luksik|mailing list|oblivious|peg luksik|republican|spam,Oblivious Republicans are nice though.
keep,some traffic,11,publish,2010-12-04,mybook-world-new-edition,2783,0,gnu/linux|hardware|web,linux|mbwe|mybook world|mybook world edition|nzb|sabnzb|sabnzbdplus|torrent|transmission|western digital mybook world edition,MyBook World: WDH1NC10000N
keep,some traffic,11,publish,2015-07-09,mtgo-schedule-hipsters-of-the-coast,1062,0,software,mtg mtgo,MTGO Schedule : Hipsters of the Coast
keep,some traffic,11,publish,2017-10-20,ew2017,784,0,mtg|oldschool,ec|mtg|oldschool,All-In Reanimator at Eternal Weekend 2017
keep,some traffic,10,publish,2006-10-17,ms1057-wean-off-winodws,1366,0,gentoo|gnu/linux|hardware,,MS1057 - Wean off Winodws
keep,some traffic,10,publish,2007-09-11,ready-for-ace-rizzle-at-the-rex,1191,0,media|sound,,Ready for Ace Rizzle at the Rex?
keep,some traffic,10,publish,2008-10-24,vlc-now-with-auto-update,466,0,image|media|sound,,VLC - Now with auto update
keep,some traffic,10,publish,2009-04-09,dell-mini-9-arrived,288,0,apple|hardware,dell|dell mini 9|mini 9|netbook|umpc,Dell Mini 9 - Arrived.
keep,some traffic,10,publish,2009-06-08,unicomp-endurapro,246,0,hardware,best keyboard ever|buckling spring|endurapro|ibm|trackpoint,Unicomp EnduraPro
keep,some traffic,10,publish,2009-10-08,android-youtube-hella-sweeter,107,0,apple|hardware|image|media|sound|web,android|apple|dmca|google|restrictions|sweeter,Android YouTube hella sweeter.
keep,some traffic,10,publish,2011-09-08,custom-categories-in-sharepoint-2010-web-part,1035,0,software|web,.net|.net 3.5|asp.net|deploy|sharepoint|sharepoint 2010|web part|webpart,Custom categories in sharepoint 2010 web part
keep,some traffic,10,publish,2012-07-09,straight-talk-sim-nokia-n85-and-apn-setup,3460,0,hardware|n85,apn|byod|cell phone|data|mms|n85|nokia|phone|redpocket|s60|sim|sim card|straight talk|symbian,"Straight Talk Sim, Nokia N85, and APN Setup"
keep,some traffic,10,publish,2013-09-30,emerge-desktop,709,0,gnu/linux|software,alternate shell|alternative|alternative shell|emerge|emerge desktop|libre|open source|shell|windows|windows 7|windows shell,Emerge Desktop
keep,some traffic,10,publish,2018-01-16,shaman-bens-birthday-at-riw,114,0,Uncategorized,ec|mtg|oldschool,Shaman Ben's Birthday at RIW
keep,some traffic,9,publish,2009-03-25,bootini-xp-eeepc,323,0,hardware|software,boot.ini|eeepc|windows|xp,"Boot.ini, XP, eeepc"
keep,some traffic,9,publish,2009-04-03,out-with-eee-in-with-the-mini,461,0,apple|gentoo|gnu/linux|hardware|software|ubuntu,4g|701|asus|dell|eeepc|mini|mini9,"Out with eee, In with the mini"
keep,some traffic,9,publish,2009-10-06,outlook-setup-iphone-g1-etc,3809,1,software|web,android|corporate email|email|iphone|outlook,"Outlook setup! iPhone, G1, etc."
keep,some traffic,9,publish,2010-01-11,gtdinbox-for-gmail-easy-email-management-organization-and-workflow-based-on-gtd,641,0,software|web,Getting Things Done|Gmail|gnu/linux|GTD|Inbox|linux|os x|windows,"GTDInbox for Gmail - Easy email management, organization and workflow based on GTD"
keep,some traffic,9,publish,2010-02-23,rosewill-rnx-n100-in-ubuntu-gnulinux,1694,2,gnu/linux|hardware,blacklist|gnu/linux|Karmic|Karmic Koala|Koala|linux|lucid|lucid lynx|N100|networking|RNX|RNX-N100|Rosewill|Rosewill RNX-N100|ubuntu|ubuntu linux|wireless n,Rosewill RNX N100 in Ubuntu Gnu/Linux
keep,some traffic,9,publish,2011-09-18,mythtv-remote-for-chrome,1034,0,gnu/linux|ubuntu|web,chrome|extension|mythtv|remote,MythTV Remote For Chrome
keep,some traffic,9,publish,2012-01-05,epic-4g-cyanogenmod,2197,0,gnu/linux|hardware,android|cyanogenmod|epic 4g|epic 4g cyanogenmod|rom|samsung,Epic 4g CyanogenMod
keep,some traffic,9,publish,2018-09-13,arboria-lich-os-discord-ironroot-chef,662,0,mtg|oldschool,arboria|combo|ec|fastbond|lich|oldschool|swedish,OS Discord Ironroot Chef 2018 - Lich'in in the Kitchen
keep,some traffic,9,publish,2019-03-25,eldrazi-and-taxes-vintage-league,1511,0,mtg|vintage,magic|vintage,Eldrazi and Taxes - Vintage League
keep,some traffic,9,publish,2020-06-30,ux-raffle,3075,0,mtg,,Raffle!
keep,some traffic,8,publish,2006-07-13,the-school-for-scandal,1729,0,media,,The School For Scandal
keep,some traffic,8,publish,2007-11-13,movix2-to-the-rescue,1196,0,gnu/linux|hardware|media,,Movix2 to the rescue!
keep,some traffic,8,publish,2008-11-11,unblock-outlook-attachments,485,0,software,,Unblock Outlook Attachments
keep,some traffic,8,publish,2008-12-01,the-wu-pdate-from-fla,422,0,image|media|sound,,The Wu-pdate - From FLA
keep,some traffic,8,publish,2008-12-13,ubuntu-mounting-iso-files-etc,935,0,gentoo|gnu/linux|image|media|software|sound|ubuntu,,Ubuntu - Mounting ISO files etc.
keep,some traffic,8,publish,2009-02-15,zoundry-raven,325,0,software,blog|client|wordpress|xmlrpc|zoundry,Zoundry Raven
keep,some traffic,8,publish,2009-03-07,iis,321,0,software,admin|c#|IIS|program|programatically|script,IIS <3s c#
keep,some traffic,8,publish,2009-04-22,so-tough,1129,0,media|sound|web,aac|albums|digital|download|flac|music|ripping,So Tough...
keep,some traffic,8,publish,2009-08-13,ms-1057-reincarnated,1655,0,apple,1057|apple|hackintosh|mac|ms 1057|ms-1507|msi|msi 1057|os x,MS-1057 - Reincarnated
keep,some traffic,8,publish,2009-10-06,ssma-access-2007-sql-2008,198,0,software,access|sql|ssma|upsize,SSMA - Access 2007 -> SQL 2008
keep,some traffic,8,publish,2011-08-04,visual-studio-2010-how-do-i-apply-themes-to-solution-explorer-in-vs2010-stack-overflow,1129,0,software,.net|software|themes|visual studio|visual studio 2010|windows|zenburn,visual studio 2010 - How do I apply themes to Solution Explorer in VS2010 - Stack Overflow
keep,some traffic,8,publish,2018-02-04,tso-03-feb-2018-dragon,392,0,mtg|vintage,mtg|tso|vintage,TSO 03 FEB 2018 - Dragon
keep,some traffic,7,publish,2006-07-10,juicy-fruit-adult-swim-commercial,255,0,image|media|sound,,Juicy Fruit - Adult Swim Commercial
keep,some traffic,7,publish,2006-12-12,one-time-use-cameras,191,0,hardware|image|media,,One Time Use Cameras
keep,some traffic,7,publish,2009-01-28,hacked-and-were-back,624,0,gnu/linux|web,,Hacked! And we're back.
keep,some traffic,7,publish,2009-03-11,capital-city-brewing,604,0,theState,beer|dining|washington d.c.,Capital City Brewing
keep,some traffic,7,publish,2009-03-11,semi-common-problems-in-iis,1462,0,software|web,0x8ffe2740|error|IIS|mitch hedburg|one website|port conflict|semi|TCPView|vmware server|website|xp,(semi) Common Problems in IIS
keep,some traffic,7,publish,2009-03-25,nlite-for-eeepc-4g,721,0,hardware|software,eeepc|install|nlite|xp,nLite for eeepc 4g
keep,some traffic,7,publish,2009-04-05,jaolt-foss-ebay-listing-software,650,0,gentoo|gnu/linux|software|ubuntu,ebay|free|linux|listing|open source|software|tracker,jAOLT - FOSS ebay listing software
keep,some traffic,7,publish,2009-06-24,why-live-messenger-ie-suck,823,3,gnu/linux|software,ad block|block ad|IE|iespell|Live Messenger|MSN Live|MSN Live Messenger|pidgin|rad.msn.com|sametime|spell check|spellchecker|suck,"Why Live Messenger, IE suck"
keep,some traffic,7,publish,2009-12-16,os-x-on-dell-d420,1295,12,apple|gnu/linux|hardware|software|ubuntu,10.5|10.6|d420|dell|hackintosh|leopard|os x|snow leopard|software|ubuntu,OS X on Dell D420
keep,some traffic,7,publish,2010-03-23,stringutils-commons-lang-3-0-snapshot-api,399,0,software|web,isNullorEmpty|java|string|utility,StringUtils (Commons Lang 3.0-SNAPSHOT API)
keep,some traffic,7,publish,2013-01-15,penny-wiseguys-the-simpsons,821,0,image|media|sound,alex trebagougou|alex trebagugu|alex trebek quote|penny wiseguys alex trebagougou|penny wiseguys alex trebagugu|simpsons|trebek quote,Alfonse Trebagougou
keep,some traffic,7,publish,2018-07-18,junkshop-reanimator,407,0,mtg|oldschool,ec|mtg|oldschool|workshop,Junkshop Reanimator - OS Discord Inaugural League
keep,some traffic,6,publish,2007-02-27,ms1057-gentoo-installed,1274,0,gentoo|gnu/linux|hardware|image|media,,MS1057 - Gentoo Installed
keep,some traffic,6,publish,2007-08-29,lt-of-inishmore-pict,2461,0,media,,Lt. Of Inishmore @ Pict
keep,some traffic,6,publish,2009-02-15,nokia-n85-aka-the-best-phone-ive-ever-owned,697,0,hardware,fp2|n85|nokia|s60|symbian,"Nokia n85 aka ""The best phone I've ever owned"""
keep,some traffic,6,publish,2009-02-19,excel-read-first-sheet-even-if-you-dont-know-the-name,272,0,software,ado|ado.net|excel|first sheet|sql|workbook,"Excel: Read first sheet, even if you don't know the name"
keep,some traffic,6,publish,2009-03-11,none,100,0,theState,libertarian|lp|party|reform,Reform the Libertarian Party
keep,some traffic,6,publish,2009-04-07,rbtray,339,0,gnu/linux|software,applications|minimize|minimize to tray|tray|windows,RBTray
keep,some traffic,6,publish,2009-11-05,a-sandwich-by-any-other-name,5810,1,food snob,Antonella's|Food Blog|food snob|review,A Sandwich By Any Other Name...
keep,some traffic,6,publish,2010-01-03,drivel,18,0,software,,Drivel
keep,some traffic,6,publish,2018-07-08,scgcon-2018,563,0,mtg|oldschool,combo|ec|lich|oldschool,Turbo Lich at SCGCON 2018
keep,some traffic,6,publish,2018-08-01,summer-derby-2018,20,0,mtg|oldschool,ec|mtg|nethervoid|oldschool|online|prison|skype,Summer Derby with BR Nethervoid
keep,some traffic,5,publish,2006-07-25,rafting-the-new-river-gorge,1304,1,sport,,Rafting the New River Gorge
keep,some traffic,5,publish,2009-01-28,special-were-back-treat,169,0,media|sound,,"Special ""We're back"" Treat"
keep,some traffic,5,publish,2009-02-19,title-case-in-net,514,0,software,.net|case|string|title case,Title Case in .Net
keep,some traffic,5,publish,2009-03-18,soundgarden-badmotorfinger,698,0,media|sound,91|audioslave|chris cornell|grunge|seattle|soundgarden,Soundgarden - Badmotorfinger
keep,some traffic,5,publish,2009-10-06,delete-pics-help-from-excel-anauts,680,0,software,all pictures|delete|excel|select all pictures and delete|software|vbe|windows,Delete Pics help from Excel-anauts
keep,some traffic,5,publish,2018-02-17,tsi-hazard-ravager-goes-to-columbus,514,0,mtg|vintage,mtg|ravager|serious|tsi|vintage|workshop,TSI Hazard - Ravager Goes to Columbus
keep,some traffic,4,publish,2009-03-02,why-does-woot-have-to-point-out-ridiculous-things,598,0,theState,expulsion|idiocy|idiot|nyu|palestinian|woot,Why does woot have to point out ridiculous things?
keep,some traffic,4,publish,2009-03-04,first-rant,338,0,Uncategorized,,First Rant
keep,some traffic,4,publish,2009-03-11,dc-style,1953,0,media|sound|theState,washington d.c.,D.C. Style
keep,some traffic,4,publish,2009-10-12,kjs-gourmet-or-is-it-gourmand,2852,0,food snob,Food|Food Blog|food snob|Krishna James|philadelphia,KJ's Gourmet...Or Is It Gourmand?
keep,some traffic,4,publish,2017-11-10,ew-2017-vintage-dredge,81,0,mtg|vintage,dredge|vintage|zombie,EW 2017 - Vintage Dredge
keep,some traffic,4,publish,2018-11-08,mephistopheles-sanctuary,327,0,mtg|oldschool,chains|ec|mephistopheles|mtg|oldschool|prison|sanctuary,Mephistopheles' Sanctuary at EW 2018
keep,some traffic,2,publish,2009-03-20,hard-reset-nokia-s60-phone-n93i,443,2,hardware|n85,n93i|nokia|reset|s60 hard reset|symbian,Hard Reset Nokia s60 Phone - n93i
review,substantive draft,0,draft,2006-05-04,,2063,0,Uncategorized,,Sharp Zaurus and Wireless Security
review,substantive draft,0,draft,2006-10-10,,738,0,Uncategorized,,"Dell CPi aka ""superstar"""
drop,thin stub,0,draft,2009-03-23,,343,0,Uncategorized,,Sunday Driver
drop,empty stub,0,draft,2009-06-30,,88,0,Uncategorized,,Total Commander and WinMerge
drop,thin stub,0,draft,2009-10-06,,383,0,Uncategorized,,Socket P/M Motherboards
drop,empty stub,0,draft,2009-12-17,,51,0,Uncategorized,,D420 SD Card Driver
drop,thin stub,0,draft,2010-01-28,,352,0,Uncategorized,,"Multiple Applications under a Single Site, sharing"
drop,thin stub,0,draft,2010-01-31,,137,0,Uncategorized,,"Wants, needs and "
drop,thin stub,0,draft,2010-02-15,,120,0,Uncategorized,,pidgin-facebookchat - Project Hosting on Google Code
drop,empty stub,0,draft,2010-05-04,,64,0,,,SABnzbd+
review,private - deliberate?,0,private,2010-06-11,and-now-for-something-completely-different,628,0,Uncategorized,,And now for something completely different...
review,substantive draft,0,draft,2010-08-23,,834,0,Uncategorized,,Using Fastboot on Ubuntu
drop,thin stub,0,draft,2010-10-10,,224,0,Uncategorized,,Rush Songs I Love
drop,thin stub,0,draft,2010-11-20,,109,0,Uncategorized,,Youngstown Real Estate Rules
drop,thin stub,0,draft,2010-11-20,,243,0,Uncategorized,,Nexus One T-Mobile
drop,empty stub,0,draft,2011-01-27,,1,0,Uncategorized,,Start a Business in OH
review,substantive draft,0,draft,2011-02-02,,1282,0,Uncategorized,,Archos A70 / Android Setup
review,private - deliberate?,0,private,2011-03-30,sharepoint-2010-themeing,3476,0,Uncategorized,recursive|recursively|sharepoint|sharepoint 2010|theme,SharePoint 2010 Themeing
drop,thin stub,0,draft,2011-07-19,,207,0,Uncategorized,,F'ed in the A
drop,empty stub,0,draft,2011-08-03,,32,0,Uncategorized,,Extensions in VS2010
drop,empty stub,0,draft,2011-08-10,,85,0,Uncategorized,,ADO.NET Poco Entity Creator and Framework 3.5
drop,thin stub,0,draft,2011-08-11,the-super-user-account-utilized,196,0,Uncategorized,,The super user account utilized by the cache is not configured.
drop,thin stub,0,draft,2011-09-07,,311,0,Uncategorized,.net|.net 3.5|ajax|ajaxcontroltoolkit|asp.net|javascript,Web.NET: How to set programmatically a value of a watermarked TextBox via JavaScript
review,substantive draft,0,draft,2011-10-08,dl385-g1-esxi-pxe,3751,0,gentoo|gnu/linux|hardware|software|ubuntu|web,dl385 g1 esxi|esxi|esxi 4.1,DL385 G1
keep,no traffic but substantive,0,publish,2011-10-13,both-datasource-and-datasourceid-are-defined-in-gridview1,1609,0,software|web,.net|asp.net|Both DataSource and DataSourceID are defined|c#|gridview|linq to sql|windows|windows server 2008,Both DataSource and DataSourceID are defined in Gridview1
drop,thin stub,0,draft,2011-10-19,,280,0,Uncategorized,,WCF Service Hosting Common Issues - Wenlong Dong's Blog - Site Home - MSDN Blogs
drop,thin stub,0,draft,2012-01-11,,258,0,Uncategorized,,How to: Identify a Nullable Type
drop,thin stub,0,draft,2012-01-24,,267,0,Uncategorized,,Force Reinstall of SharePoint 2010 Solution through Visual Studio 2010 or PowerShell « Jan Maximilian Kristiansen
drop,thin stub,0,draft,2012-01-30,,124,0,Uncategorized,,Reza Alirezaei’s Blog » SPWebConfigModification’s Top 6 Issues
drop,thin stub,0,draft,2012-02-08,,189,0,Uncategorized,,IP Camera interface
drop,thin stub,0,draft,2012-02-13,,175,0,Uncategorized,,How to change the folder where e-mail messages and attachments are saved in Outlook 2003 and in Outlook 2007
drop,thin stub,0,draft,2012-02-13,,160,0,Uncategorized,,Configure Pidgin to connect to Google Talk for Google Apps - Google Apps Help
drop,empty stub,0,draft,2012-02-13,,82,0,Uncategorized,,Sizer Software by Brian Apps
drop,thin stub,0,draft,2012-03-10,,156,0,Uncategorized,,How can i call a Method in App.xaml.cs from Mainpage.xaml.cs in wp7 - App Hub Forums
drop,thin stub,0,draft,2012-03-10,,174,0,Uncategorized,,Read Value from Web.config file on SilverLight 2 Beta 2 : The Official Microsoft Silverlight.NET Forums
drop,empty stub,0,draft,2012-03-13,,98,0,Uncategorized,,Son of Obsidian | Studio Styles
drop,thin stub,0,draft,2012-03-14,,245,0,Uncategorized,,Rich Finn - Error occurred in deployment step Recycle IIS Application Pool: 0x80070005Access denied.
drop,thin stub,0,draft,2012-03-29,,162,0,Uncategorized,,winff - WinFF is a GUI to the command line video converter FFmpeg - Google Project Hosting
drop,thin stub,0,draft,2012-04-13,,163,0,Uncategorized,,Mostly iPhone hacking: Automatic SSH ramdisk creation and loading
drop,thin stub,0,draft,2012-04-13,,100,0,Uncategorized,,iPhone Secrets - a knol by Po-Han Lin
drop,thin stub,0,draft,2012-04-24,,182,0,Uncategorized,,Type datetime2 is not a defined system type - Entity Framework
drop,thin stub,0,draft,2012-05-16,,128,0,Uncategorized,,fnReloadAjax and IE - DataTables forums
drop,thin stub,0,draft,2012-05-25,,316,0,Uncategorized,,Cinelerra on 12.04
review,substantive draft,0,draft,2012-07-14,,2890,0,Uncategorized,,N85 and vlingo
drop,thin stub,0,draft,2012-08-30,,247,0,Uncategorized,,VMware KB: Virtual machine cannot boot when controller type for the operating system and data drive is Paravirtualized SCSI
drop,thin stub,0,draft,2012-09-03,,375,0,Uncategorized,,Springboard 101
drop,thin stub,0,draft,2012-09-05,,167,0,Uncategorized,,lessmsi - A tool to view and extract the contents of an Windows Installer (.msi) file. - Google Project Hosting
drop,thin stub,0,draft,2012-09-08,,180,0,Uncategorized,,Bug #482699 “eSATA expressCard not detected when system started” : Bugs : “linux” package : Ubuntu
drop,empty stub,0,draft,2012-09-17,,0,0,Uncategorized,,SQLLite database for your SharePoint Web Part
drop,thin stub,0,draft,2012-10-14,,163,0,Uncategorized,,Double Commander
drop,thin stub,0,draft,2012-12-23,,124,0,Uncategorized,,Can't get into download mode - xda-developers
review,substantive draft,0,draft,2012-12-29,sgh-t989-101,2660,0,Uncategorized,,SGH-T989 101 - My Write Up
drop,thin stub,0,draft,2013-01-30,,270,0,Uncategorized,,Common Microsoft SharePoint Server 2010 Installation Issues and Resolutions - Bill Baer - Site Home - TechNet Blogs
drop,thin stub,0,draft,2013-06-29,,103,0,Uncategorized,,Sublime Text: Best Javascript Editor
drop,empty stub,0,draft,2013-07-12,,0,0,Uncategorized,,Clonezilla + eSATA Expresscard = fast.
drop,thin stub,0,draft,2013-07-28,,183,0,Uncategorized,,Ubuntu Server - How to duplicate a user
review,substantive draft,0,draft,2013-08-11,linux-kvm,2113,0,Uncategorized,,Linux KVM
drop,empty stub,0,draft,2013-08-18,,0,0,Uncategorized,,Raspberry Pi - Capture USB Video Clip
drop,thin stub,0,draft,2013-10-19,,333,0,Uncategorized,,Powergui .net 4.0 Error
drop,thin stub,0,draft,2013-11-07,,118,0,Uncategorized,,Herding Code 99: David Ebbo on NuGet
review,substantive draft,0,draft,2014-04-25,,3266,0,Uncategorized,,Configure Postfix to Use Gmail SMTP on Ubuntu | rtCamp
drop,thin stub,0,draft,2014-06-09,,211,0,Uncategorized,,RDP screen goes black after successful remote login
drop,thin stub,0,draft,2014-07-09,,106,0,Uncategorized,,Merging multiple AVI files into a single file in Linux
review,substantive draft,0,draft,2014-07-10,androminion-server,2352,0,Uncategorized,,Androminion Server
drop,thin stub,0,draft,2014-07-10,,137,0,Uncategorized,,109 useful Keyboard Shortcuts for Total Commander 8.0.
review,substantive draft,0,draft,2014-07-10,,2542,0,Uncategorized,,Downloading VM
review,substantive draft,0,draft,2014-07-15,12-04-lts-server-kvm-setup,1070,0,Uncategorized,,12.04 LTS Server KVM Setup
drop,thin stub,0,draft,2014-07-28,,118,0,Uncategorized,,Tasker XMPP GTalkSMS
drop,thin stub,0,draft,2014-08-20,,139,0,Uncategorized,,Lintian Tag: old-fsf-address-in-copyright-file
drop,empty stub,0,draft,2014-12-14,,65,0,Uncategorized,,simpsonsvideos
drop,thin stub,0,draft,2014-12-18,,112,0,Uncategorized,,Erik Bussink | Adding Realtek R8168 Driver to ESXi 5.5.0 ISO
drop,empty stub,0,draft,2014-12-22,,53,0,Uncategorized,,baarf.com
drop,thin stub,0,draft,2014-12-27,,247,0,Uncategorized,,
drop,thin stub,0,draft,2015-04-18,,149,0,Uncategorized,,rasa/vmware-tools-patches
drop,thin stub,0,draft,2015-04-20,,168,0,Uncategorized,,Minimal Readership: Monodevelop 4.0 and dark themes
drop,empty stub,0,draft,2018-04-24,,69,0,Uncategorized,,
review,substantive draft,0,draft,2018-11-07,,1129,0,Uncategorized,,"New Hampshire, Mystery Science Theatre 2008"
drop,thin stub,0,draft,2018-11-08,,303,0,gnu/linux|software,,Mike's MonoDevelop Blog: How I set up MonoDevelop on Linux
drop,empty stub,0,draft,2019-06-24,,0,0,Uncategorized,,TSI: The Land Wrap Up
review,substantive draft,0,draft,2019-07-29,,1012,0,Uncategorized,,Stop Motion Theatre - OG Pi Model B
review,substantive draft,0,draft,2019-11-12,,2311,0,mtg|oldschool|vintage,,Eternal Weekend 2019
drop,thin stub,0,draft,2020-03-04,,440,0,Uncategorized,,Add Certificate to AWS
review,substantive draft,0,draft,2020-03-16,usenet-config-2020,3158,0,Uncategorized,,Usenet Config 2020
review,substantive draft,0,draft,2021-08-25,,8284,0,Uncategorized,,Grim Dragon
drop,thin stub,0,draft,2022-02-23,,353,0,Uncategorized,,Wordpress AWS Migration
drop,thin stub,0,draft,2022-12-17,,114,0,Uncategorized,,Kidizoom
drop,empty stub,0,draft,2023-01-03,,0,0,Uncategorized,,Serious Champ - NA Vintage 2022 Report
